{"cameraMode":{"drawMode":0,"name":"Shaded","section":"Shading Mode"},"sceneLighting":false,"audioPlay":false,"sceneViewState":{"showFog":true,"showMaterialUpdate":false,"showSkybox":false,"showFlares":true,"showImageEffects":true,"showParticleSystems":true},"in2DMode":false,"pivot":{"x":-0.09970000386238098,"y":0.15155208110809327,"z":0.0018367432057857514},"rotation":{"x":0.16405315697193147,"y":-0.048809509724378589,"z":0.008121605031192303,"w":0.9852260947227478},"size":0.3433350920677185,"orthographic":false}