{"cameraMode":{"drawMode":0,"name":"Shaded","section":"Shading Mode"},"sceneLighting":true,"audioPlay":false,"sceneViewState":{"showFog":true,"showMaterialUpdate":false,"showSkybox":true,"showFlares":true,"showImageEffects":true,"showParticleSystems":true},"in2DMode":false,"pivot":{"x":-36.99363708496094,"y":-41.34873962402344,"z":73.00393676757813},"rotation":{"x":0.18167130649089814,"y":-0.05749235674738884,"z":0.010634288191795349,"w":0.9816359281539917},"size":513.1470947265625,"orthographic":false}